<?xml version="1.0" encoding="utf-8"?>

<animfile>
	<definebone>bone_launchpoint</definebone>
	<definebone>bone_fuse</definebone>
	<definebone>bone_cart</definebone>
	<definebone>bone_wheelcannonR</definebone>
	<definebone>bone_wheelcannonL</definebone>
	<attachment>
		attachment_battlefield_smoke
		<component>
			battlefield_smoke
			<assetreference type="ParticleSystem">
				<file>units\artillery\cannon\battlefield_smoke.particle</file>
			</assetreference>
		</component>
		<anim>
			Idle
			<component>battlefield_smoke</component>
		</anim>
	</attachment>
	<component>
		falconet
		<linksection>
			<linkoffset>.1</linkoffset>
			<linkcomponent>horse</linkcomponent>
			<linkconstraint>0</linkconstraint>
		</linksection>
		<linksection>
			<linkoffset>-0.8</linkoffset>
			<linkcomponent>gunner</linkcomponent>
			<linkconstraint>1</linkconstraint>
		</linksection>
		<linksection>
			<linkoffset>-0.8</linkoffset>
			<linkcomponent>screw_pole</linkcomponent>
			<linkconstraint>1</linkconstraint>
		</linksection>
		<linksection>
			<linkoffset>-1.6</linkoffset>
			<linkcomponent>falconet</linkcomponent>
			<linkconstraint>1</linkconstraint>
		</linksection>
		<logic type="LowPoly">
			<normal>
				<assetreference type="GrannyModel">
					<file>units\artillery\falconet\falconet</file>
				</assetreference>
			</normal>
			<lowpoly>
				<assetreference type="GrannyModel">
					<file>units\artillery\falconet\falconet_lp</file>
				</assetreference>
			</lowpoly>
		</logic>
		<decal>
			<effecttype>default</effecttype>
			<selectedtexture>canon_circle</selectedtexture>
			<width>40.00</width>
			<height>8.00</height>
			<xoffset>0.00</xoffset>
			<zoffset>32.00</zoffset>
		</decal>
		<watersplash>
			<texture>units\artillery\cannon\wheel_B</texture>
			<width>1.75</width>
			<height>2.00</height>
		</watersplash>
	</component>
	<component>
		falconet Stripped
		<linksection>
			<linkoffset>.1</linkoffset>
			<linkcomponent>horse</linkcomponent>
			<linkconstraint>0</linkconstraint>
		</linksection>
		<linksection>
			<linkoffset>-0.8</linkoffset>
			<linkcomponent>gunner</linkcomponent>
			<linkconstraint>1</linkconstraint>
		</linksection>
		<linksection>
			<linkoffset>-0.8</linkoffset>
			<linkcomponent>screw_pole</linkcomponent>
			<linkconstraint>1</linkconstraint>
		</linksection>
		<linksection>
			<linkoffset>-1.6</linkoffset>
			<linkcomponent>falconet</linkcomponent>
			<linkconstraint>1</linkconstraint>
		</linksection>
		<logic type="LowPoly">
			<normal>
				<assetreference type="GrannyModel">
					<file>units\artillery\falconet\falconet_stripped model</file>
				</assetreference>
			</normal>
			<lowpoly>
				<assetreference type="GrannyModel">
					<file>units\artillery\falconet\falconet_stripped model_lp</file>
				</assetreference>
			</lowpoly>
		</logic>
		<decal>
			<effecttype>default</effecttype>
			<selectedtexture>canon_circle</selectedtexture>
			<width>40.00</width>
			<height>8.00</height>
			<xoffset>0.00</xoffset>
			<zoffset>32.00</zoffset>
		</decal>
		<watersplash>
			<texture>units\artillery\cannon\wheel_B</texture>
			<width>1.75</width>
			<height>2.00</height>
		</watersplash>
	</component>
	<anim>
		Walk
		<assetreference type="GrannyAnim">
			<file>units\artillery\falconet\falconet_walk</file>
		</assetreference>
		<component>falconet</component>
	</anim>
	<anim>
		Jog
		<assetreference type="GrannyAnim">
			<file>units\artillery\falconet\falconet_walk</file>
		</assetreference>
		<component>falconet</component>
	</anim>
	<anim>
		Run
		<assetreference type="GrannyAnim">
			<file>units\artillery\falconet\falconet_walk</file>
		</assetreference>
		<component>falconet</component>
	</anim>
	<anim>
		idle
		<assetreference type="GrannyAnim">
			<file>units\artillery\falconet\falconet_idle</file>
		</assetreference>
		<component>falconet</component>
	</anim>
	<anim>
		bored
		<assetreference type="GrannyAnim">
			<file>units\artillery\falconet\falconet_idle</file>
		</assetreference>
		<component>falconet</component>
	</anim>
	<anim>
		Death_by_melee
		<assetreference type="GrannyAnim">
			<file>units\artillery\falconet\falconet_combatdeath</file>
			<tag type="SpecificSoundSet" checkvisible="1" set="RagdollImpact">0.63</tag>
			<tag type="SpecificSoundSet" checkvisible="1" set="CartBreak">0.48</tag>
			<tag type="SpecificSoundSet" checkvisible="1" set="AmbienceHorse">0.03</tag>
			<tag type="SpecificSoundSet" checkvisible="1" set="Thud">0.60</tag>
		</assetreference>
		<component>falconet</component>
	</anim>
	<anim>
		Death_by_range
		<assetreference type="GrannyAnim">
			<file>units\artillery\falconet\falconet_combatdeath</file>
			<tag type="SpecificSoundSet" checkvisible="1" set="RagdollImpact">0.64</tag>
			<tag type="SpecificSoundSet" checkvisible="1" set="CartBreak">0.46</tag>
			<tag type="SpecificSoundSet" checkvisible="1" set="Thud">0.60</tag>
			<tag type="SpecificSoundSet" checkvisible="1" set="AmbienceHorse">0.02</tag>
		</assetreference>
		<component>falconet</component>
	</anim>
	<anim>
		Cheer
		<assetreference type="GrannyAnim">
			<file>units\artillery\falconet\falconet_cheer</file>
		</assetreference>
		<component>falconet</component>
	</anim>
	<anim>
		Limber
		<assetreference type="GrannyAnim">
			<file>units\artillery\falconet\falconet_limber</file>
		</assetreference>
		<component>falconet</component>
	</anim>
	<anim>
		Unlimber
		<assetreference type="GrannyAnim">
			<file>units\artillery\falconet\falconet_unlimber</file>
		</assetreference>
		<component>falconet</component>
	</anim>
	<anim>
		Bombard_ranged_idle
		<assetreference type="GrannyAnim">
			<file>units\artillery\falconet\falconet_combatidle</file>
		</assetreference>
		<component>falconet Stripped</component>
	</anim>
	<anim>
		Bombard_ranged_attack
		<assetreference type="GrannyAnim">
			<file>units\artillery\falconet\falconet_attack</file>
			<tag type="Attack">0.08</tag>
			<tag type="SpecificSoundSet" checkvisible="1" set="FalconetShoot">0.08</tag>
			<tag type="Particles" particlename="smallcannonmuzzle">0.08</tag>
		</assetreference>
		<component>falconet Stripped</component>
		<attach a="attachment_battlefield_smoke" frombone="ATTACHPOINT" tobone="ATTACHPOINT" syncanims="0"/>
	</anim>
	<anim>
		Bombard_aim
		<assetreference type="GrannyAnim">
			<file>units\artillery\falconet\falconet_combatidle</file>
		</assetreference>
		<component>falconet Stripped</component>
	</anim>
	<anim>
		Bombard_reload
		<assetreference type="GrannyAnim">
			<file>units\artillery\falconet\falconet_reload</file>
		</assetreference>
		<component>falconet Stripped</component>
	</anim>
	<anim>
		Bombard_bored
		<assetreference type="GrannyAnim">
			<file>units\artillery\falconet\falconet_bombard_bored</file>
		</assetreference>
		<component>falconet Stripped</component>
	</anim>
	<anim>
		Bombard_walk
		<assetreference type="GrannyAnim">
			<file>units\artillery\falconet\falconet_bombard_walk</file>
		</assetreference>
		<component>falconet Stripped</component>
	</anim>
	<anim>
		Bombard_jog
		<assetreference type="GrannyAnim">
			<file>units\artillery\falconet\falconet_bombard_walk</file>
		</assetreference>
		<component>falconet Stripped</component>
	</anim>
	<anim>
		Bombard_run
		<assetreference type="GrannyAnim">
			<file>units\artillery\falconet\falconet_bombard_walk</file>
		</assetreference>
		<component>falconet Stripped</component>
	</anim>
	<anim>
		Bombard_limber
		<assetreference type="GrannyAnim">
			<file>units\artillery\falconet\falconet_limber</file>
		</assetreference>
		<component>falconet</component>
	</anim>
	<anim>
		Bombard_unlimber
		<assetreference type="GrannyAnim">
			<file>units\artillery\falconet\falconet_unlimber</file>
		</assetreference>
		<component>falconet</component>
	</anim>
	<anim>
		Bombard_cheer
		<assetreference type="GrannyAnim">
			<file>units\artillery\falconet\falconet_cheer</file>
		</assetreference>
		<component>falconet Stripped</component>
	</anim>
	<anim>
		Bombard_Recoil
		<assetreference type="GrannyAnim">
			<file>units\artillery\falconet\falconet_recoil1</file>
		</assetreference>
		<assetreference type="GrannyAnim">
			<file>units\artillery\falconet\falconet_recoil2</file>
		</assetreference>
		<assetreference type="GrannyAnim">
			<file>units\artillery\falconet\falconet_recoil3</file>
		</assetreference>
		<component>falconet Stripped</component>
	</anim>
	<anim>
		Bombard_death
		<assetreference type="GrannyAnim">
			<file>units\artillery\falconet\falconet_combatdeath</file>
			<tag type="SpecificSoundSet" checkvisible="1" set="RagdollImpact">0.63</tag>
			<tag type="SpecificSoundSet" checkvisible="1" set="CartBreak">0.46</tag>
			<tag type="SpecificSoundSet" checkvisible="1" set="Thud">0.60</tag>
		</assetreference>
		<component>falconet Stripped</component>
	</anim>
</animfile>