<?xml version="1.0" encoding="utf-8"?>

<animfile>
	<definebone>bone_fuse</definebone>
	<definebone>bone_wheelRight</definebone>
	<definebone>bone_wheelLeft</definebone>
	<definebone>bone_torch</definebone>
	<definebone>bone_launchpoint</definebone>
	<definebone>bone_muzzle</definebone>
	<definebone>bone_hat</definebone>
	<definebone>Bip01 Head</definebone>
	<attachment>
		attachment_fuse_fire
		<component>
			fuse_fire
			<assetreference type="ParticleSystem">
				<file>units\artillery\cannon\fuse_fire.particle</file>
			</assetreference>
		</component>
		<anim>
			Idle
			<component>fuse_fire</component>
		</anim>
	</attachment>
	<attachment>
		Wheel
		<component>
			WheelLeft
			<assetreference type="GrannyModel">
				<file>units\artillery\organ_gun\organ_gun_wheel</file>
			</assetreference>
		</component>
		<anim>
			Idle
			<component>WheelLeft</component>
		</anim>
	</attachment>
	<attachment>
		torchFlame
		<component>
			torchFlame
			<assetreference type="ParticleSystem">
				<file>units\artillery\organ_gun\organ_torch_flame.particle</file>
			</assetreference>
		</component>
		<anim>
			Idle
			<component>torchFlame</component>
		</anim>
	</attachment>
	<attachment>
		hat
		<include>units\artillery\falconet\gunner_hats.xml</include>
	</attachment>
	<component>
		organgun
		<logic type="LowPoly">
			<normal>
				<logic type="Tech">
					<none>
						<assetreference type="GrannyModel">
							<file>units\artillery\organ_gun\organ_gun</file>
						</assetreference>
					</none>
					<rabauld>
						<assetreference type="GrannyModel">
							<file>units\artillery\organ_gun\organ_gun</file>
						</assetreference>
						<attach a="hat" frombone="bone_hat" tobone="Bip01 Head" syncanims="0"/>
					</rabauld>
				</logic>
			</normal>
			<lowpoly>
				<assetreference type="GrannyModel">
					<file>units\artillery\organ_gun\lp_organ_gun</file>
				</assetreference>
			</lowpoly>
		</logic>
		<decal>
			<effecttype>default</effecttype>
			<selectedtexture>canon_circle</selectedtexture>
			<width>40.00</width>
			<height>10.00</height>
			<xoffset>0.00</xoffset>
			<zoffset>32.00</zoffset>
		</decal>
		<watersplash>
			<texture>units\artillery\cannon\wheel_B</texture>
			<width>1.75</width>
			<height>2.00</height>
		</watersplash>
		<attach a="Wheel" frombone="bone_master" tobone="bone_wheelLeft" syncanims="0"/>
		<attach a="Wheel" frombone="bone_master" tobone="bone_wheelRight" syncanims="0"/>
	</component>
	<anim>
		Walk
		<assetreference type="GrannyAnim">
			<file>units\artillery\organ_gun\organ_gun_walk_a</file>
		</assetreference>
		<component>organgun</component>
	</anim>
	<anim>
		Jog
		<assetreference type="GrannyAnim">
			<file>units\artillery\organ_gun\organ_gun_jog</file>
		</assetreference>
		<component>organgun</component>
	</anim>
	<anim>
		Run
		<assetreference type="GrannyAnim">
			<file>units\artillery\organ_gun\organ_gun_run</file>
		</assetreference>
		<component>organgun</component>
	</anim>
	<anim>
		idle
		<assetreference type="GrannyAnim">
			<file>units\artillery\organ_gun\organ_gun_idle_a</file>
		</assetreference>
		<assetreference type="GrannyAnim">
			<file>units\artillery\organ_gun\organ_gun_idle_b</file>
		</assetreference>
		<assetreference type="GrannyAnim">
			<file>units\artillery\organ_gun\organ_gun_idle_c</file>
		</assetreference>
		<component>organgun</component>
	</anim>
	<anim>
		bored
		<assetreference type="GrannyAnim">
			<file>units\artillery\organ_gun\organ_gun_bored_a</file>
		</assetreference>
		<component>organgun</component>
	</anim>
	<anim>
		Death
		<assetreference type="GrannyAnim">
			<file>units\artillery\organ_gun\organ_gun_death_a</file>
			<tag type="SpecificSoundSet" checkvisible="1" set="Thud">0.22</tag>
			<tag type="SpecificSoundSet" checkvisible="1" set="BuildingPartImpact">0.35</tag>
			<tag type="SpecificSoundSet" checkvisible="1" set="BuildingPartImpact">0.14</tag>
			<tag type="SpecificSoundSet" checkvisible="1" set="RagdollImpact">0.14</tag>
		</assetreference>
		<component>organgun</component>
	</anim>
	<anim>
		Death_by_melee
		<assetreference type="GrannyAnim">
			<file>units\artillery\organ_gun\organ_gun_death_a</file>
			<tag type="SpecificSoundSet" checkvisible="1" set="Thud">0.22</tag>
			<tag type="SpecificSoundSet" checkvisible="1" set="BuildingPartImpact">0.35</tag>
			<tag type="SpecificSoundSet" checkvisible="1" set="BuildingPartImpact">0.14</tag>
			<tag type="SpecificSoundSet" checkvisible="1" set="RagdollImpact">0.13</tag>
		</assetreference>
		<component>organgun</component>
	</anim>
	<anim>
		Death_by_range
		<assetreference type="GrannyAnim">
			<file>units\artillery\organ_gun\organ_gun_death_a</file>
			<tag type="SpecificSoundSet" checkvisible="1" set="Thud">0.22</tag>
			<tag type="SpecificSoundSet" checkvisible="1" set="BuildingPartImpact">0.35</tag>
			<tag type="SpecificSoundSet" checkvisible="1" set="BuildingPartImpact">0.14</tag>
			<tag type="SpecificSoundSet" checkvisible="1" set="RagdollImpact">0.14</tag>
		</assetreference>
		<component>organgun</component>
	</anim>
	<anim>
		Cheer
		<assetreference type="GrannyAnim">
			<file>units\artillery\organ_gun\organ_gun_cheer</file>
		</assetreference>
		<component>organgun</component>
	</anim>
	<anim>
		Limber
		<assetreference type="GrannyAnim">
			<file>units\artillery\organ_gun\organ_gun_limber_a</file>
		</assetreference>
		<component>organgun</component>
	</anim>
	<anim>
		Unlimber
		<assetreference type="GrannyAnim">
			<file>units\artillery\organ_gun\organ_gun_unlimber_a</file>
		</assetreference>
		<component>organgun</component>
	</anim>
	<anim>
		Bombard_ranged_idle
		<assetreference type="GrannyAnim">
			<file>units\artillery\organ_gun\organ_gun_combatidle</file>
		</assetreference>
		<component>organgun</component>
	</anim>
	<anim>
		Bombard_ranged_attack
		<assetreference type="GrannyAnim">
			<file>units\artillery\organ_gun\organ_gun_attack_a</file>
			<tag type="Attack">0.42</tag>
			<tag type="Attack">0.51</tag>
			<tag type="Attack">0.60</tag>
			<tag type="Attack">0.68</tag>
			<tag type="Attack">0.77</tag>
			<tag type="Attack">0.85</tag>
			<tag type="SpecificSoundSet" checkvisible="1" set="OrganGunShoot">0.42</tag>
			<tag type="SpecificSoundSet" checkvisible="1" set="OrganGunShoot">0.51</tag>
			<tag type="SpecificSoundSet" checkvisible="1" set="OrganGunShoot">0.60</tag>
			<tag type="SpecificSoundSet" checkvisible="1" set="OrganGunShoot">0.68</tag>
			<tag type="SpecificSoundSet" checkvisible="1" set="OrganGunShoot">0.77</tag>
			<tag type="SpecificSoundSet" checkvisible="1" set="OrganGunShoot">0.85</tag>
			<tag type="Particles" particlename="organgunmuzzle01">0.42</tag>
			<tag type="Particles" particlename="organgunmuzzle01">0.51</tag>
			<tag type="Particles" particlename="organgunmuzzle01">0.60</tag>
			<tag type="Particles" particlename="organgunmuzzle01">0.68</tag>
			<tag type="Particles" particlename="organgunmuzzle01">0.77</tag>
			<tag type="Particles" particlename="organgunmuzzle01">0.85</tag>
		</assetreference>
		<component>organgun</component>
		<attach a="torchFlame" frombone="ATTACHPOINT" tobone="bone_torch" syncanims="0"/>
	</anim>
	<anim>
		Bombard_aim
		<assetreference type="GrannyAnim">
			<file>units\artillery\organ_gun\organ_gun_combatidle</file>
		</assetreference>
		<component>organgun</component>
	</anim>
	<anim>
		Bombard_reload
		<assetreference type="GrannyAnim">
			<file>units\artillery\organ_gun\organ_gun_combatidle</file>
		</assetreference>
		<component>organgun</component>
	</anim>
	<anim>
		Bombard_bored
		<assetreference type="GrannyAnim">
			<file>units\artillery\organ_gun\organ_gun_combatidle</file>
		</assetreference>
		<component>organgun</component>
	</anim>
	<anim>
		Bombard_melee_idle
		<assetreference type="GrannyAnim">
			<file>units\artillery\organ_gun\organ_gun_combatidle</file>
		</assetreference>
		<component>organgun</component>
	</anim>
	<anim>
		Bombard_melee_attack
		<assetreference type="GrannyAnim">
			<file>units\artillery\organ_gun\organ_gun_attack_a</file>
			<tag type="Attack">0.42</tag>
			<tag type="Attack">0.51</tag>
			<tag type="Attack">0.60</tag>
			<tag type="Attack">0.68</tag>
			<tag type="Attack">0.77</tag>
			<tag type="Attack">0.85</tag>
			<tag type="SpecificSoundSet" checkvisible="1" set="OrganGunShoot">0.42</tag>
			<tag type="SpecificSoundSet" checkvisible="1" set="OrganGunShoot">0.51</tag>
			<tag type="SpecificSoundSet" checkvisible="1" set="OrganGunShoot">0.60</tag>
			<tag type="SpecificSoundSet" checkvisible="1" set="OrganGunShoot">0.68</tag>
			<tag type="SpecificSoundSet" checkvisible="1" set="OrganGunShoot">0.77</tag>
			<tag type="SpecificSoundSet" checkvisible="1" set="OrganGunShoot">0.85</tag>
			<tag type="Particles" particlename="organgunmuzzle01">0.42</tag>
			<tag type="Particles" particlename="organgunmuzzle01">0.51</tag>
			<tag type="Particles" particlename="organgunmuzzle01">0.60</tag>
			<tag type="Particles" particlename="organgunmuzzle01">0.68</tag>
			<tag type="Particles" particlename="organgunmuzzle01">0.77</tag>
			<tag type="Particles" particlename="organgunmuzzle01">0.85</tag>
		</assetreference>
		<component>organgun</component>
		<attach a="torchFlame" frombone="ATTACHPOINT" tobone="bone_torch" syncanims="0"/>
	</anim>
	<anim>
		Bombard_walk
		<assetreference type="GrannyAnim">
			<file>units\artillery\organ_gun\organ_gun_walk_a</file>
		</assetreference>
		<component>organgun</component>
	</anim>
	<anim>
		Bombard_jog
		<assetreference type="GrannyAnim">
			<file>units\artillery\organ_gun\organ_gun_jog</file>
		</assetreference>
		<component>organgun</component>
	</anim>
	<anim>
		Bombard_run
		<assetreference type="GrannyAnim">
			<file>units\artillery\organ_gun\organ_gun_run</file>
		</assetreference>
		<component>organgun</component>
	</anim>
	<anim>
		Bombard_limber
		<assetreference type="GrannyAnim">
			<file>units\artillery\organ_gun\organ_gun_limber_a</file>
		</assetreference>
		<component>organgun</component>
	</anim>
	<anim>
		Bombard_unlimber
		<assetreference type="GrannyAnim">
			<file>units\artillery\organ_gun\organ_gun_unlimber_a</file>
		</assetreference>
		<component>organgun</component>
	</anim>
</animfile>