<?xml version="1.0" encoding="utf-8"?>

<animfile>
	<definebone>bone_launchpoint</definebone>
	<definebone>bone_fuse</definebone>
	<definebone>bone_cart</definebone>
	<attachment>
		attachment_cannon_small_smoke_puff_ring
		<component>
			cannon_small_smoke_puff_ring
			<assetreference type="ParticleSystem">
				<file>units\artillery\cannon\cannon_small_smoke_puff_ring.particle</file>
			</assetreference>
		</component>
		<anim>
			Idle
			<component>cannon_small_smoke_puff_ring</component>
		</anim>
	</attachment>
	<attachment>
		attachment_cannon_small_barrel_explosion
		<component>
			cannon_small_barrel_explosion
			<assetreference type="ParticleSystem">
				<file>units\artillery\cannon\cannon_small_barrel_explosion.particle</file>
			</assetreference>
		</component>
		<anim>
			Idle
			<component>cannon_small_barrel_explosion</component>
		</anim>
	</attachment>
	<attachment>
		attachment_cannon_small_fuse_fire
		<component>
			cannon_small_fuse_fire
			<assetreference type="ParticleSystem">
				<file>units\artillery\cannon\cannon_small_fuse_fire.particle</file>
			</assetreference>
		</component>
		<anim>
			Idle
			<component>cannon_small_fuse_fire</component>
		</anim>
	</attachment>
	<attachment>
		attachment_cannon_small_smoking_barrel
		<component>
			cannon_small_smoking_barrel
			<assetreference type="ParticleSystem">
				<file>units\artillery\cannon\cannon_small_smoking_barrel.particle</file>
			</assetreference>
		</component>
		<anim>
			Idle
			<component>cannon_small_smoking_barrel</component>
		</anim>
	</attachment>
	<attachment>
		attachment_cannon_small_blast
		<component>
			cannon_small_blast
			<assetreference type="ParticleSystem">
				<file>units\artillery\cannon\cannon_small_blast.particle</file>
			</assetreference>
		</component>
		<anim>
			Idle
			<component>cannon_small_blast</component>
		</anim>
	</attachment>
	<attachment>
		attachment_battlefield_smoke
		<component>
			battlefield_smoke
			<assetreference type="ParticleSystem">
				<file>units\artillery\cannon\battlefield_smoke.particle</file>
			</assetreference>
		</component>
		<anim>
			Idle
			<component>battlefield_smoke</component>
		</anim>
	</attachment>
	<attachment>
		attachment_cannon_small_flash
		<component>
			cannon_small_flash
			<assetreference type="ParticleSystem">
				<file>units\artillery\cannon\cannon_small_flash.particle</file>
			</assetreference>
		</component>
		<anim>
			Idle
			<component>cannon_small_flash</component>
		</anim>
	</attachment>
	<attachment>
		attachment_cannon_small_sparks
		<component>
			cannon_small_sparks
			<assetreference type="ParticleSystem">
				<file>units\artillery\cannon\cannon_smallglow.particle</file>
			</assetreference>
		</component>
		<anim>
			Idle
			<component>cannon_small_sparks</component>
		</anim>
	</attachment>
	<attachment>
		attachment_cannon_small_smoke_puff_a
		<component>
			cannon_small_smoke_puff_a
			<assetreference type="ParticleSystem">
				<file>units\artillery\cannon\cannon_small_smoke_puff_a.particle</file>
			</assetreference>
		</component>
		<anim>
			Idle
			<component>cannon_small_smoke_puff_a</component>
		</anim>
	</attachment>
	<attachment>
		attachment_cannon_coneblast
		<component>
			cannon_coneblast
			<assetreference type="ParticleSystem">
				<file>units\artillery\cannon\cannon_coneblast.particle</file>
			</assetreference>
		</component>
		<anim>
			Idle
			<component>cannon_coneblast</component>
		</anim>
	</attachment>
	<attachment>
		attachment_cannon_small_smoke_puff_b
		<component>
			cannon_small_smoke_puff_b
			<assetreference type="ParticleSystem">
				<file>units\artillery\cannon\cannon_small_smoke_puff_b.particle</file>
			</assetreference>
		</component>
		<anim>
			Idle
			<component>cannon_small_smoke_puff_b</component>
		</anim>
	</attachment>
	<component>
		great_bombard
		<linksection>
			<linkoffset>.1</linkoffset>
			<linkcomponent>horse</linkcomponent>
			<linkcomponent>horse01</linkcomponent>
			<linkconstraint>0</linkconstraint>
		</linksection>
		<linksection>
			<linkoffset>-1.6</linkoffset>
			<linkcomponent>culverin</linkcomponent>
			<linkcomponent>wheels</linkcomponent>
			<linkcomponent>right_wheel</linkcomponent>
			<linkcomponent>barrel</linkcomponent>
			<linkcomponent>barrel01</linkcomponent>
			<linkcomponent>gunner_a</linkcomponent>
			<linkcomponent>gunner_a01</linkcomponent>
			<linkconstraint>1</linkconstraint>
		</linksection>
		<logic type="LowPoly">
			<normal>
				<assetreference type="GrannyModel">
					<file>units\artillery\great_bombard\great_bombard</file>
				</assetreference>
			</normal>
			<lowpoly>
				<assetreference type="GrannyModel">
					<file>units\artillery\great_bombard\lp_great_bombard</file>
				</assetreference>
			</lowpoly>
		</logic>
		<decal>
			<effecttype>default</effecttype>
			<selectedtexture>canon_circle</selectedtexture>
			<width>40.00</width>
			<height>8.00</height>
			<xoffset>0.00</xoffset>
			<zoffset>33.00</zoffset>
		</decal>
		<watersplash>
			<texture>units\artillery\cannon\wheel_B</texture>
			<width>1.75</width>
			<height>2.00</height>
		</watersplash>
	</component>
	<anim>
		Idle
		<assetreference type="GrannyAnim">
			<file>units\artillery\great_bombard\great_bombard</file>
		</assetreference>
		<component>great_bombard</component>
	</anim>
	<anim>
		Bored
		<assetreference type="GrannyAnim">
			<file>units\artillery\great_bombard\great_bombard</file>
		</assetreference>
		<component>great_bombard</component>
	</anim>
	<anim>
		Walk
		<assetreference type="GrannyAnim">
			<file>units\artillery\great_bombard\great_bombard</file>
			<tag type="FootstepLeft">0.30</tag>
			<tag type="FootstepRight">0.80</tag>
		</assetreference>
		<component>great_bombard</component>
	</anim>
	<anim>
		RangedAttack
		<assetreference type="GrannyAnim">
			<file>units\artillery\great_bombard\great_bombard_combatidle</file>
			<tag type="Attack">0.10</tag>
			<tag type="SpecificSoundSet" checkvisible="1" set="CulverinShoot">0.10</tag>
		</assetreference>
		<component>great_bombard</component>
		<attach a="attachment_cannon_small_barrel_explosion" frombone="ATTACHPOINT" tobone="LAUNCHPOINT" syncanims="0"/>
		<attach a="attachment_cannon_small_blast" frombone="ATTACHPOINT" tobone="LAUNCHPOINT" syncanims="0"/>
		<attach a="attachment_cannon_small_sparks" frombone="ATTACHPOINT" tobone="LAUNCHPOINT" syncanims="0"/>
		<attach a="attachment_cannon_small_smoke_puff_ring" frombone="ATTACHPOINT" tobone="LAUNCHPOINT" syncanims="0"/>
		<attach a="attachment_battlefield_smoke" frombone="bone_cart" tobone="bone_cart" syncanims="0"/>
		<attach a="attachment_cannon_small_smoke_puff_a" frombone="ATTACHPOINT" tobone="LAUNCHPOINT" syncanims="0"/>
		<attach a="attachment_cannon_coneblast" frombone="ATTACHPOINT" tobone="LAUNCHPOINT" syncanims="0"/>
		<attach a="attachment_cannon_small_smoking_barrel" frombone="ATTACHPOINT" tobone="LAUNCHPOINT" syncanims="0"/>
		<attach a="attachment_cannon_small_smoke_puff_b" frombone="ATTACHPOINT" tobone="LAUNCHPOINT" syncanims="0"/>
	</anim>
	<anim>
		Death
		<assetreference type="GrannyAnim">
			<file>units\artillery\great_bombard\great_bombard</file>
		</assetreference>
		<component>great_bombard</component>
	</anim>
	<anim>
		Reload
		<assetreference type="GrannyAnim">
			<file>units\artillery\great_bombard\great_bombard_combatidle</file>
		</assetreference>
		<component>great_bombard</component>
	</anim>
	<anim>
		CombatIdle
		<assetreference type="GrannyAnim">
			<file>units\artillery\great_bombard\great_bombard_combatidle</file>
		</assetreference>
		<component>great_bombard</component>
	</anim>
	<anim>
		Limber
		<assetreference type="GrannyAnim">
			<file>units\artillery\great_bombard\great_bombard_limber</file>
		</assetreference>
		<component>great_bombard</component>
	</anim>
	<anim>
		Unlimber
		<assetreference type="GrannyAnim">
			<file>units\artillery\great_bombard\great_bombard_unlimber</file>
		</assetreference>
		<component>great_bombard</component>
	</anim>
</animfile>