<?xml version="1.0" encoding="utf-8"?>

<animfile>
	<definebone>bone_launchpoint</definebone>
	<definebone>bone_fuse</definebone>
	<attachment>
		attachment_great_bombard_smoke_puff
		<component>
			great_bombard_smoke_puff
			<assetreference type="ParticleSystem">
				<file>units\artillery\great_bombard\great_bombard_smoke_puff.particle</file>
			</assetreference>
		</component>
		<anim>
			Idle
			<component>great_bombard_smoke_puff</component>
		</anim>
	</attachment>
	<attachment>
		attachment_great_bombard_barrel_explosion
		<component>
			great_bombard_barrel_explosion
			<assetreference type="ParticleSystem">
				<file>units\artillery\great_bombard\great_bombard_barrel_explosion.particle</file>
			</assetreference>
		</component>
		<anim>
			Idle
			<component>great_bombard_barrel_explosion</component>
		</anim>
	</attachment>
	<attachment>
		attachment_great_bombard_fuse_fire
		<component>
			great_bombard_fuse_fire
			<assetreference type="ParticleSystem">
				<file>units\artillery\great_bombard\great_bombard_fuse_fire.particle</file>
			</assetreference>
		</component>
		<anim>
			Idle
			<component>great_bombard_fuse_fire</component>
		</anim>
	</attachment>
	<attachment>
		attachment_great_bombard_smoking_barrel
		<component>
			great_bombard_smoking_barrel
			<assetreference type="ParticleSystem">
				<file>units\artillery\great_bombard\great_bombard_smoking_barrel.particle</file>
			</assetreference>
		</component>
		<anim>
			Idle
			<component>great_bombard_smoking_barrel</component>
		</anim>
	</attachment>
	<attachment>
		attachment_great_bombard_blast
		<component>
			great_bombard_blast
			<assetreference type="ParticleSystem">
				<file>units\artillery\great_bombard\great_bombard_blast.particle</file>
			</assetreference>
		</component>
		<anim>
			Idle
			<component>great_bombard_blast</component>
		</anim>
	</attachment>
	<attachment>
		attachment_battlefield_smoke
		<component>
			battlefield_smoke
			<assetreference type="ParticleSystem">
				<file>units\artillery\cannon\battlefield_smoke.particle</file>
			</assetreference>
		</component>
		<anim>
			Idle
			<component>battlefield_smoke</component>
		</anim>
	</attachment>
	<attachment>
		attachment_great_bombard_flash
		<component>
			great_bombard_flash
			<assetreference type="ParticleSystem">
				<file>units\artillery\great_bombard\great_bombard_flash.particle</file>
			</assetreference>
		</component>
		<anim>
			Idle
			<component>great_bombard_flash</component>
		</anim>
	</attachment>
	<attachment>
		attachment_great_bombard_sparks
		<component>
			great_bombard_sparks
			<assetreference type="ParticleSystem">
				<file>units\artillery\great_bombard\great_bombard_sparks.particle</file>
			</assetreference>
		</component>
		<anim>
			Idle
			<component>great_bombard_sparks</component>
		</anim>
	</attachment>
	<attachment>
		attachment_great_bombard_smoke_ring
		<component>
			great_bombard_smoke_ring
			<assetreference type="ParticleSystem">
				<file>units\artillery\great_bombard\great_bombard_smoke_ring.particle</file>
			</assetreference>
		</component>
		<anim>
			Idle
			<component>great_bombard_smoke_ring</component>
		</anim>
	</attachment>
	<component>
		great_bombard
		<linksection>
			<linkoffset>.1</linkoffset>
			<linkcomponent>horse</linkcomponent>
			<linkcomponent>horse01</linkcomponent>
			<linkconstraint>0</linkconstraint>
		</linksection>
		<linksection>
			<linkoffset>-1.6</linkoffset>
			<linkcomponent>culverin</linkcomponent>
			<linkcomponent>wheels</linkcomponent>
			<linkcomponent>right_wheel</linkcomponent>
			<linkcomponent>barrel</linkcomponent>
			<linkcomponent>barrel01</linkcomponent>
			<linkcomponent>gunner_a</linkcomponent>
			<linkcomponent>gunner_a01</linkcomponent>
			<linkconstraint>1</linkconstraint>
		</linksection>
		<assetreference type="GrannyModel">
			<file>units\artillery\great_bombard\great_bombard</file>
		</assetreference>
		<decal>
			<selectedtexture>canon_circle</selectedtexture>
			<width>40.00</width>
			<height>8.00</height>
			<xoffset>0.00</xoffset>
			<zoffset>33.00</zoffset>
		</decal>
		<watersplash>
			<texture>units\artillery\cannon\wheel_B</texture>
			<width>1.75</width>
			<height>2.00</height>
		</watersplash>
	</component>
	<anim>
		Idle
		<assetreference type="GrannyAnim">
			<file>units\artillery\great_bombard\great_bombard</file>
		</assetreference>
		<component>great_bombard</component>
	</anim>
	<anim>
		Bored
		<assetreference type="GrannyAnim">
			<file>units\artillery\great_bombard\great_bombard</file>
		</assetreference>
		<component>great_bombard</component>
	</anim>
	<anim>
		Walk
		<assetreference type="GrannyAnim">
			<file>units\artillery\great_bombard\great_bombard</file>
			<tag type="FootstepLeft">0.30</tag>
			<tag type="FootstepRight">0.80</tag>
		</assetreference>
		<component>great_bombard</component>
	</anim>
	<anim>
		RangedAttack
		<assetreference type="GrannyAnim">
			<file>units\artillery\great_bombard\great_bombard_combatidle</file>
			<tag type="Attack">0.10</tag>
			<tag type="SpecificSoundSet" checkvisible="1" set="CulverinShoot">0.10</tag>
		</assetreference>
		<component>great_bombard</component>
		<attach a="attachment_great_bombard_smoke_puff" frombone="ATTACHPOINT" tobone="LAUNCHPOINT" syncanims="0"/>
		<attach a="attachment_great_bombard_smoking_barrel" frombone="ATTACHPOINT" tobone="LAUNCHPOINT" syncanims="0"/>
		<attach a="attachment_great_bombard_barrel_explosion" frombone="ATTACHPOINT" tobone="LAUNCHPOINT" syncanims="0"/>
		<attach a="attachment_great_bombard_flash" frombone="ATTACHPOINT" tobone="LAUNCHPOINT" syncanims="0"/>
		<attach a="attachment_battlefield_smoke" frombone="ATTACHPOINT" tobone="LAUNCHPOINT" syncanims="0"/>
		<attach a="attachment_great_bombard_sparks" frombone="ATTACHPOINT" tobone="LAUNCHPOINT" syncanims="0"/>
		<attach a="attachment_great_bombard_smoke_ring" frombone="ATTACHPOINT" tobone="LAUNCHPOINT" syncanims="0"/>
	</anim>
	<anim>
		Death
		<assetreference type="GrannyAnim">
			<file>units\artillery\great_bombard\great_bombard</file>
		</assetreference>
		<component>great_bombard</component>
	</anim>
	<anim>
		Reload
		<assetreference type="GrannyAnim">
			<file>units\artillery\great_bombard\great_bombard_combatidle</file>
		</assetreference>
		<component>great_bombard</component>
	</anim>
	<anim>
		CombatIdle
		<assetreference type="GrannyAnim">
			<file>units\artillery\great_bombard\great_bombard_combatidle</file>
		</assetreference>
		<component>great_bombard</component>
	</anim>
	<anim>
		Limber
		<assetreference type="GrannyAnim">
			<file>units\artillery\great_bombard\great_bombard_limber</file>
		</assetreference>
		<component>great_bombard</component>
	</anim>
	<anim>
		Unlimber
		<assetreference type="GrannyAnim">
			<file>units\artillery\great_bombard\great_bombard_unlimber</file>
		</assetreference>
		<component>great_bombard</component>
	</anim>
</animfile>