<?xml version="1.0" encoding="utf-8"?>

<animfile>
	<definebone>bone_PLUNGER</definebone>
	<definebone>bone_BULLET</definebone>
	<definebone>bone_SCREWPOLE</definebone>
	<definebone>Bone_launchpoint</definebone>
	<definebone>Bip05 R Foot</definebone>
	<definebone>Bip05 L Foot</definebone>
	<definebone>Bip03 R Foot</definebone>
	<definebone>Bip03 L Foot</definebone>
	<definebone>bone_hat</definebone>
	<definebone>Bip03 Head</definebone>
	<definebone>Bip04 Head</definebone>
	<definebone>Bip05 Head</definebone>
	<attachment>
		attachment_smoke_puff
		<component>
			smoke_puff
			<assetreference type="ParticleSystem">
				<file>units\artillery\cannon\smoke_puff.particle</file>
			</assetreference>
		</component>
		<anim>
			Idle
			<component>smoke_puff</component>
		</anim>
	</attachment>
	<attachment>
		mortar_guy
		<include>units\artillery\mortar\mortar_guy.xml</include>
	</attachment>
	<attachment>
		hats
		<include>units\artillery\falconet\gunner_hats.xml</include>
	</attachment>
	<component>
		mortar
		<logic type="LowPoly">
			<normal>
				<logic type="Tech">
					<none>
						<assetreference type="GrannyModel">
							<file>units\artillery\mortar\mortar</file>
						</assetreference>
					</none>
					<howitzer>
						<assetreference type="GrannyModel">
							<file>units\artillery\mortar\mortar</file>
						</assetreference>
						<attach a="hats" frombone="bone_hat" tobone="Bip03 Head" syncanims="0"/>
						<attach a="hats" frombone="bone_hat" tobone="Bip04 Head" syncanims="0"/>
						<attach a="hats" frombone="bone_hat" tobone="Bip05 Head" syncanims="0"/>
					</howitzer>
				</logic>
			</normal>
			<lowpoly>
				<assetreference type="GrannyModel">
					<file>units\artillery\mortar\lp_mortar</file>
				</assetreference>
			</lowpoly>
		</logic>
		<decal>
			<effecttype>default</effecttype>
			<selectedtexture>selection_circle</selectedtexture>
			<width>40.00</width>
			<height>10.00</height>
			<xoffset>0.00</xoffset>
			<zoffset>42.00</zoffset>
		</decal>
		<attach a="mortar_guy" frombone="hotspot" tobone="bone_master" syncanims="1"/>
	</component>
	<anim>
		Walk
		<assetreference type="GrannyAnim">
			<file>units\artillery\mortar\mortar_walk_a</file>
			<tag type="FootstepLeft" footprinttype="HumanLeft" footprintbone="BIP05 L FOOT">0.21</tag>
			<tag type="FootstepLeft" footprinttype="HumanLeft" footprintbone="BIP03 L FOOT">0.66</tag>
			<tag type="FootstepRight" footprinttype="HumanRight" footprintbone="BIP05 R FOOT">0.59</tag>
			<tag type="FootstepRight" footprinttype="HumanRight" footprintbone="BIP03 R FOOT">0.14</tag>
		</assetreference>
		<component>mortar</component>
	</anim>
	<anim>
		Jog
		<assetreference type="GrannyAnim">
			<file>units\artillery\mortar\mortar_walk_a</file>
			<tag type="FootstepLeft" footprinttype="HumanLeft" footprintbone="BIP05 L FOOT">0.21</tag>
			<tag type="FootstepLeft" footprinttype="HumanLeft" footprintbone="BIP03 L FOOT">0.66</tag>
			<tag type="FootstepRight" footprinttype="HumanRight" footprintbone="BIP05 R FOOT">0.59</tag>
			<tag type="FootstepRight" footprinttype="HumanRight" footprintbone="BIP03 R FOOT">0.14</tag>
		</assetreference>
		<component>mortar</component>
	</anim>
	<anim>
		Run
		<assetreference type="GrannyAnim">
			<file>units\artillery\mortar\mortar_walk_a</file>
			<tag type="FootstepLeft" footprinttype="HumanLeft" footprintbone="BIP05 L FOOT">0.21</tag>
			<tag type="FootstepLeft" footprinttype="HumanLeft" footprintbone="BIP03 L FOOT">0.66</tag>
			<tag type="FootstepRight" footprinttype="HumanRight" footprintbone="BIP05 R FOOT">0.59</tag>
			<tag type="FootstepRight" footprinttype="HumanRight" footprintbone="BIP03 R FOOT">0.14</tag>
		</assetreference>
		<component>mortar</component>
	</anim>
	<anim>
		idle
		<assetreference type="GrannyAnim">
			<file>units\artillery\mortar\mortar_idle_a</file>
		</assetreference>
		<component>mortar</component>
	</anim>
	<anim>
		bored
		<assetreference type="GrannyAnim">
			<file>units\artillery\mortar\mortar_bored_a</file>
		</assetreference>
		<component>mortar</component>
	</anim>
	<anim>
		Death_by_melee
		<assetreference type="GrannyAnim">
			<file>units\artillery\mortar\mortar_death_a</file>
			<tag type="SpecificSoundSet" checkvisible="1" set="RagdollImpact">0.59</tag>
			<tag type="SpecificSoundSet" checkvisible="1" set="RagdollImpact">0.45</tag>
			<tag type="SpecificSoundSet" checkvisible="1" set="RagdollImpact">0.81</tag>
			<tag type="SpecificSoundSet" checkvisible="1" set="Thud">0.27</tag>
			<tag type="SpecificSoundSet" checkvisible="1" set="Thud">0.55</tag>
		</assetreference>
		<component>mortar</component>
	</anim>
	<anim>
		Death_by_range
		<assetreference type="GrannyAnim">
			<file>units\artillery\mortar\mortar_death_a</file>
			<tag type="SpecificSoundSet" checkvisible="1" set="RagdollImpact">0.59</tag>
			<tag type="SpecificSoundSet" checkvisible="1" set="RagdollImpact">0.45</tag>
			<tag type="SpecificSoundSet" checkvisible="1" set="RagdollImpact">0.81</tag>
			<tag type="SpecificSoundSet" checkvisible="1" set="Thud">0.27</tag>
			<tag type="SpecificSoundSet" checkvisible="1" set="Thud">0.55</tag>
		</assetreference>
		<component>mortar</component>
	</anim>
	<anim>
		Cheer
		<assetreference type="GrannyAnim">
			<file>units\artillery\mortar\mortar_unlimber_cheer_a</file>
		</assetreference>
		<component>mortar</component>
	</anim>
	<anim>
		Limber
		<assetreference type="GrannyAnim">
			<file>units\artillery\mortar\mortar_limber_a</file>
		</assetreference>
		<component>mortar</component>
	</anim>
	<anim>
		Unlimber
		<assetreference type="GrannyAnim">
			<file>units\artillery\mortar\mortar_unlimber_a</file>
		</assetreference>
		<component>mortar</component>
	</anim>
	<anim>
		Bombard_ranged_idle
		<assetreference type="GrannyAnim">
			<file>units\artillery\mortar\mortar_unlimber_idle_a</file>
		</assetreference>
		<component>mortar</component>
	</anim>
	<anim>
		Bombard_ranged_attack
		<assetreference type="GrannyAnim">
			<file>units\artillery\mortar\mortar_rangedattack_a</file>
			<tag type="Attack">0.51</tag>
			<tag type="SpecificSoundSet" checkvisible="1" set="MortarShot">0.50</tag>
			<tag type="Particles" particlename="mortarmuzzlefx">0.50</tag>
		</assetreference>
		<component>mortar</component>
	</anim>
	<anim>
		Bombard_aim
		<assetreference type="GrannyAnim">
			<file>units\artillery\mortar\mortar_unlimber_idle_a</file>
		</assetreference>
		<component>mortar</component>
	</anim>
	<anim>
		Bombard_reload
		<assetreference type="GrannyAnim">
			<file>units\artillery\mortar\mortar_reload_a</file>
		</assetreference>
		<component>mortar</component>
	</anim>
	<anim>
		Bombard_bored
		<assetreference type="GrannyAnim">
			<file>units\artillery\mortar\mortar_unlimber_idle_a</file>
		</assetreference>
		<component>mortar</component>
	</anim>
	<anim>
		Bombard_walk
		<assetreference type="GrannyAnim">
			<file>units\artillery\mortar\mortar_unlimber_walk_a</file>
		</assetreference>
		<component>mortar</component>
	</anim>
	<anim>
		Bombard_jog
		<assetreference type="GrannyAnim">
			<file>units\artillery\mortar\mortar_unlimber_walk_a</file>
		</assetreference>
		<component>mortar</component>
	</anim>
	<anim>
		Bombard_run
		<assetreference type="GrannyAnim">
			<file>units\artillery\mortar\mortar_unlimber_walk_a</file>
			<tag type="FootstepLeft" footprinttype="HumanLeft" footprintbone="BIP05 L FOOT">0.21</tag>
			<tag type="FootstepLeft" footprinttype="HumanLeft" footprintbone="BIP03 L FOOT">0.66</tag>
			<tag type="FootstepRight" footprinttype="HumanRight" footprintbone="BIP05 R FOOT">0.59</tag>
			<tag type="FootstepRight" footprinttype="HumanRight" footprintbone="BIP03 R FOOT">0.14</tag>
		</assetreference>
		<component>mortar</component>
	</anim>
	<anim>
		Bombard_limber
		<assetreference type="GrannyAnim">
			<file>units\artillery\mortar\mortar_limber_a</file>
			<tag type="FootstepLeft" footprinttype="HumanLeft" footprintbone="BIP05 L FOOT">0.21</tag>
			<tag type="FootstepLeft" footprinttype="HumanLeft" footprintbone="BIP03 L FOOT">0.66</tag>
			<tag type="FootstepRight" footprinttype="HumanRight" footprintbone="BIP05 R FOOT">0.59</tag>
			<tag type="FootstepRight" footprinttype="HumanRight" footprintbone="BIP03 R FOOT">0.14</tag>
		</assetreference>
		<component>mortar</component>
	</anim>
	<anim>
		Bombard_unlimber
		<assetreference type="GrannyAnim">
			<file>units\artillery\mortar\mortar_unlimber_a</file>
			<tag type="FootstepLeft" footprinttype="HumanLeft" footprintbone="BIP05 L FOOT">0.21</tag>
			<tag type="FootstepLeft" footprinttype="HumanLeft" footprintbone="BIP03 L FOOT">0.66</tag>
			<tag type="FootstepRight" footprinttype="HumanRight" footprintbone="BIP05 R FOOT">0.59</tag>
			<tag type="FootstepRight" footprinttype="HumanRight" footprintbone="BIP03 R FOOT">0.14</tag>
		</assetreference>
		<component>mortar</component>
	</anim>
	<anim>
		Death
		<assetreference type="GrannyAnim">
			<file>units\artillery\mortar\mortar_death_a</file>
			<tag type="SpecificSoundSet" checkvisible="1" set="RagdollImpact">0.59</tag>
			<tag type="SpecificSoundSet" checkvisible="1" set="RagdollImpact">0.81</tag>
			<tag type="SpecificSoundSet" checkvisible="1" set="RagdollImpact">0.45</tag>
			<tag type="SpecificSoundSet" checkvisible="1" set="Thud">0.27</tag>
			<tag type="SpecificSoundSet" checkvisible="1" set="Thud">0.55</tag>
		</assetreference>
		<component>mortar</component>
	</anim>
</animfile>