<?xml version="1.0" encoding="utf-8"?>

<layout>
	<gadget name="homeCityCommandPanel" type="homeCityCommandPanel" size1024="342 502 1024 740" z="1" transparent="" background="" hidden="">
		<gadget name="DeckNameBackground" type="gadget" size1024="342 502 1024 534" z="214" backgroundcolor="0 0 0" backgroundalpha="0.5" outlinecolor="128 128 128"/>
		<gadget name="CardPanelBackground" type="gadget" size1024="342 536 1024 740" z="214" backgroundcolor="0 0 0" backgroundalpha="0.5" outlinecolor="128 128 128"/>
		<gadget name="QueueBackground" type="gadget" size1024="342 741 1024 768" z="214" backgroundcolor="0 0 0" backgroundalpha="0.5" outlinecolor="128 128 128"/>
		<gadget name="homeCityCardPanel-Panel" type="homeCityCardPanel" size1024="342 536 1024 740" textcolor="255 255 255" tilebackgroundvert="" tilebackgroundhoriz="" textfont="GoalText" textfontsize="14" z="250">
			<gadget name="Age1" type="formatText" size1024="358 541 406 584" donthighlight="" textcolor="255 255 255" textfont="GoalText" backgroundcolor="0 0 0" backgroundalpha="0.5" outlinecolor="128 128 128" textfontsize="18" textcenterhoriz="" textcentervert="" z="300">I</gadget>
			<gadget name="Age2" type="formatText" size1024="358 592 406 635" donthighlight="" textcolor="255 255 255" textfont="GoalText" backgroundcolor="0 0 0" backgroundalpha="0.5" outlinecolor="128 128 128" textfontsize="18" textcenterhoriz="" textcentervert="" z="300">II</gadget>
			<gadget name="Age3" type="formatText" size1024="358 642 406 685" donthighlight="" textcolor="255 255 255" textfont="GoalText" backgroundcolor="0 0 0" backgroundalpha="0.5" outlinecolor="128 128 128" textfontsize="18" textcenterhoriz="" textcentervert="" z="300">III</gadget>
			<gadget name="Age4" type="formatText" size1024="358 693 406 736" donthighlight="" textcolor="255 255 255" textfont="GoalText" backgroundcolor="0 0 0" backgroundalpha="0.5" outlinecolor="128 128 128" textfontsize="18" textcenterhoriz="" textcentervert="" z="300">IV</gadget>
			<gadget name="homeCityCardPanel-DeckLabel" type="formatText" size1024="366 507 464 529" textcolor="255 255 255" textcentervert="" textfont="AgeText" textfontsize="12" z="230" textjustifyright="">$$37480$$Current Deck:</gadget>
			<gadget name="homeCityCardPanel-DeckName" type="formatText" size1024="472 507 715 529" textcolor="255 255 255" textcentervert="" textfont="AgeText" textfontsize="12" z="230"/>
			<gadget name="homeCityCardPanel-DeckLabel2" type="formatText" size1024="734 507 904 529" textcolor="255 255 255" textcentervert="" textfont="AgeText" textfontsize="12" z="230" textjustifyright="">$$37483$$Cards in Deck:</gadget>
			<gadget name="homeCityCardPanel-DeckNumCards" type="formatText" size1024="908 507 1003 529" textcolor="255 255 255" textcentervert="" textfont="AgeText" textfontsize="12" z="230"/>
			<gadget name="homeCityCardPanel-button00" type="button" size1024="416 541 464 584" textfont="Arial Nodrop For Cards" textfontsize="12" z="251" activateondown=""/>
			<gadget name="homeCityCardPanel-button01" type="button" size1024="471 541 519 584" textfont="Arial Nodrop For Cards" textfontsize="12" z="251" activateondown=""/>
			<gadget name="homeCityCardPanel-button02" type="button" size1024="526 541 574 584" textfont="Arial Nodrop For Cards" textfontsize="12" z="251" activateondown=""/>
			<gadget name="homeCityCardPanel-button03" type="button" size1024="581 541 629 584" textfont="Arial Nodrop For Cards" textfontsize="12" z="251" activateondown=""/>
			<gadget name="homeCityCardPanel-button04" type="button" size1024="636 541 684 584" textfont="Arial Nodrop For Cards" textfontsize="12" z="251" activateondown=""/>
			<gadget name="homeCityCardPanel-button05" type="button" size1024="691 541 739 584" textfont="Arial Nodrop For Cards" textfontsize="12" z="251" activateondown=""/>
			<gadget name="homeCityCardPanel-button06" type="button" size1024="746 541 794 584" textfont="Arial Nodrop For Cards" textfontsize="12" z="251" activateondown=""/>
			<gadget name="homeCityCardPanel-button07" type="button" size1024="801 541 849 584" textfont="Arial Nodrop For Cards" textfontsize="12" z="251" activateondown=""/>
			<gadget name="homeCityCardPanel-button08" type="button" size1024="856 541 902 584" textfont="Arial Nodrop For Cards" textfontsize="12" z="251" activateondown=""/>
			<gadget name="homeCityCardPanel-button09" type="button" size1024="909 541 957 584" textfont="Arial Nodrop For Cards" textfontsize="12" z="251" activateondown=""/>
			<gadget name="homeCityCardPanel-button010" type="button" size1024="964 541 1012 584" textfont="Arial Nodrop For Cards" textfontsize="12" z="251" activateondown=""/>
			<gadget name="homeCityCardPanel-button10" type="button" size1024="416 592 464 635" textfont="Arial Nodrop For Cards" textfontsize="12" z="251" activateondown=""/>
			<gadget name="homeCityCardPanel-button11" type="button" size1024="471 592 519 635" textfont="Arial Nodrop For Cards" textfontsize="12" z="251" activateondown=""/>
			<gadget name="homeCityCardPanel-button12" type="button" size1024="526 592 574 635" textfont="Arial Nodrop For Cards" textfontsize="12" z="251" activateondown=""/>
			<gadget name="homeCityCardPanel-button13" type="button" size1024="581 592 629 635" textfont="Arial Nodrop For Cards" textfontsize="12" z="251" activateondown=""/>
			<gadget name="homeCityCardPanel-button14" type="button" size1024="636 592 684 635" textfont="Arial Nodrop For Cards" textfontsize="12" z="251" activateondown=""/>
			<gadget name="homeCityCardPanel-button15" type="button" size1024="691 592 739 635" textfont="Arial Nodrop For Cards" textfontsize="12" z="251" activateondown=""/>
			<gadget name="homeCityCardPanel-button16" type="button" size1024="746 592 794 635" textfont="Arial Nodrop For Cards" textfontsize="12" z="251" activateondown=""/>
			<gadget name="homeCityCardPanel-button17" type="button" size1024="801 592 849 635" textfont="Arial Nodrop For Cards" textfontsize="12" z="251" activateondown=""/>
			<gadget name="homeCityCardPanel-button18" type="button" size1024="856 592 902 635" textfont="Arial Nodrop For Cards" textfontsize="12" z="251" activateondown=""/>
			<gadget name="homeCityCardPanel-button19" type="button" size1024="909 592 957 635" textfont="Arial Nodrop For Cards" textfontsize="12" z="251" activateondown=""/>
			<gadget name="homeCityCardPanel-button110" type="button" size1024="964 592 1012 635" textfont="Arial Nodrop For Cards" textfontsize="12" z="251" activateondown=""/>
			<gadget name="homeCityCardPanel-button20" type="button" size1024="416 642 464 685" textfont="Arial Nodrop For Cards" textfontsize="12" z="251" activateondown=""/>
			<gadget name="homeCityCardPanel-button21" type="button" size1024="471 642 519 685" textfont="Arial Nodrop For Cards" textfontsize="12" z="251" activateondown=""/>
			<gadget name="homeCityCardPanel-button22" type="button" size1024="526 642 574 685" textfont="Arial Nodrop For Cards" textfontsize="12" z="251" activateondown=""/>
			<gadget name="homeCityCardPanel-button23" type="button" size1024="581 642 629 685" textfont="Arial Nodrop For Cards" textfontsize="12" z="251" activateondown=""/>
			<gadget name="homeCityCardPanel-button24" type="button" size1024="636 642 684 685" textfont="Arial Nodrop For Cards" textfontsize="12" z="251" activateondown=""/>
			<gadget name="homeCityCardPanel-button25" type="button" size1024="691 642 739 685" textfont="Arial Nodrop For Cards" textfontsize="12" z="251" activateondown=""/>
			<gadget name="homeCityCardPanel-button26" type="button" size1024="746 642 794 685" textfont="Arial Nodrop For Cards" textfontsize="12" z="251" activateondown=""/>
			<gadget name="homeCityCardPanel-button27" type="button" size1024="801 642 849 685" textfont="Arial Nodrop For Cards" textfontsize="12" z="251" activateondown=""/>
			<gadget name="homeCityCardPanel-button28" type="button" size1024="856 642 902 685" textfont="Arial Nodrop For Cards" textfontsize="12" z="251" activateondown=""/>
			<gadget name="homeCityCardPanel-button29" type="button" size1024="909 642 957 685" textfont="Arial Nodrop For Cards" textfontsize="12" z="251" activateondown=""/>
			<gadget name="homeCityCardPanel-button210" type="button" size1024="964 642 1012 685" textfont="Arial Nodrop For Cards" textfontsize="12" z="251" activateondown=""/>
			<gadget name="homeCityCardPanel-button30" type="button" size1024="416 693 464 736" textfont="Arial Nodrop For Cards" textfontsize="12" z="251" activateondown=""/>
			<gadget name="homeCityCardPanel-button31" type="button" size1024="471 693 519 736" textfont="Arial Nodrop For Cards" textfontsize="12" z="251" activateondown=""/>
			<gadget name="homeCityCardPanel-button32" type="button" size1024="526 693 574 736" textfont="Arial Nodrop For Cards" textfontsize="12" z="251" activateondown=""/>
			<gadget name="homeCityCardPanel-button33" type="button" size1024="581 693 629 736" textfont="Arial Nodrop For Cards" textfontsize="12" z="251" activateondown=""/>
			<gadget name="homeCityCardPanel-button34" type="button" size1024="636 693 684 736" textfont="Arial Nodrop For Cards" textfontsize="12" z="251" activateondown=""/>
			<gadget name="homeCityCardPanel-button35" type="button" size1024="691 693 739 736" textfont="Arial Nodrop For Cards" textfontsize="12" z="251" activateondown=""/>
			<gadget name="homeCityCardPanel-button36" type="button" size1024="746 693 794 736" textfont="Arial Nodrop For Cards" textfontsize="12" z="251" activateondown=""/>
			<gadget name="homeCityCardPanel-button37" type="button" size1024="801 693 849 736" textfont="Arial Nodrop For Cards" textfontsize="12" z="251" activateondown=""/>
			<gadget name="homeCityCardPanel-button38" type="button" size1024="856 693 902 736" textfont="Arial Nodrop For Cards" textfontsize="12" z="251" activateondown=""/>
			<gadget name="homeCityCardPanel-button39" type="button" size1024="909 693 957 736" textfont="Arial Nodrop For Cards" textfontsize="12" z="251" activateondown=""/>
			<gadget name="homeCityCardPanel-button310" type="button" size1024="964 693 1012 736" textfont="Arial Nodrop For Cards" textfontsize="12" z="251" activateondown=""/>
			<gadget name="homeCityCardPanel-SelectPanel" type="gadget" size1024="342 502 1024 740" z="252" hidden="">
				<gadget name="homeCityCardPanel-SelectButton" type="stateButton" size1024="583 502 753 534" bevelbutton="" z="253" statebuttonuseinternalstates="" textfont="PregameButtons" textfontsize="18" textcolor="255 255 255" textcenterhoriz="" textcentervert="" texturecoords="0 0 0.6328125 1" mouseovertext="$$42352$$" sound="UI_DefaultPregameClickSet">
					$$41593$$Select a Deck
					<command>gadgetReal("UIHCDeckPicker")</command>
					<stateentry background="ui\core_ui\button_large_normal"/>
					<stateentry background="ui\core_ui\button_large_clicked"/>
					<stateentry background="ui\core_ui\button_large_high"/>
					<stateentry background="ui\core_ui\button_large_disable"/>
				</gadget>
			</gadget>
		</gadget>
	</gadget>
	<gadget type="dialog" name="hcconfirmdlg" size1024="304 192 738 408" bevel="" backgroundcolor="0 0 0" backgroundalpha="0.5" outlinecolor="128 128 128" tilebackground="" texturereplace="" windowzstyle="" hidden="" z="260" oulinecolor="255 208 0">
		<gadget name="hcconfirmdlg-techButton" type="gadget" size1024="336 240 400 304" z="62"/>
		<gadget name="hcconfirmdlg-techName" type="formatText" textcolor="180 180 180" textfont="PregameEntry" textfontsize="162" textcenterhoriz="" size1024="432 224 726 249"/>
		<gadget name="hcconfirmdlg-techDetails" type="formatText" textcolor="180 180 180" textfont="PregameEntry" textfontsize="162" textcenterhoriz="" textmarkup="" size1024="432 256 726 347"/>
		<gadget name="hcconfirmdlg-OKButton" type="stateButton" size1024="392 360 520 392" bevelbutton="" z="262" statebuttonuseinternalstates="" textfont="PregameButtons" textfontsize="18" textcolor="180 180 180" textcenterhoriz="" textcentervert="" texturecoords="0 0 1 1">
			$$18465$$OK
			<stateentry background="ui\core_ui\button_128x32_normal"/>
			<stateentry background="ui\core_ui\button_128x32_clicked"/>
			<stateentry background="ui\core_ui\button_128x32_rollover"/>
			<stateentry background=""/>
		</gadget>
		<gadget name="hcconfirmdlg-CancelButton" type="stateButton" size1024="536 360 664 392" bevelbutton="" z="262" statebuttonuseinternalstates="" textfont="PregameButtons" textfontsize="18" textcolor="180 180 180" textcenterhoriz="" textcentervert="" texturecoords="0 0 1 1">
			$$18466$$Cancel
			<stateentry background="ui\core_ui\button_128x32_normal"/>
			<stateentry background="ui\core_ui\button_128x32_clicked"/>
			<stateentry background="ui\core_ui\button_128x32_rollover"/>
			<stateentry background=""/>
			<command>gadgetUnreal("hcconfirmdlg")</command>
		</gadget>
	</gadget>
</layout>