<?xml version="1.0" encoding="utf-8"?>

<layout>
	<gadget name="playersummarydlg" type="dialog" size1024="181 60 853 614" tilebackground="" texturereplace="" windowzstyle="" dontautoclose="" contextexclusive="tributeDialog" dialogdefaultbuttonindex="2" dialogescapebuttonindex="0">
		<gadget name="playersummarydlg-Back" type="gadget" size1024="181 60 853 614" transparent="" backgroundcolor="0 0 0" backgroundalpha="0.25" outlinecolor="128 128 128" z="1"/>
		<gadget name="playersummarydlg-ScreenLabel" textcentervert="" textcenterhoriz="" textcolor="255 198 2" textfontsize="26" textfont="ScenarioTitleLarge" type="formatText" size1024="375 62 668 90" z="11">$$29329$$Player Summary</gadget>
		<gadget name="playersummarydlg-Players-Label" textcentervert="" textcenterhoriz="" textcolor="255 198 2" textfont="InGameLabels" textfontsize="18" type="formatText" size1024="240 110 340 142" z="11">$$21205$$Player</gadget>
		<gadget name="playersummarydlg-Tribute-Treaty-Label" textcentervert="" textcenterhoriz="" textcolor="255 198 2" textfont="InGameLabels" textfontsize="18" type="formatText" size1024="668 111 781 142" z="11">$$29360$$Send Resources</gadget>
		<gadget type="gadget" size1024="643 166 675 182" background="ui\ingame\resource_food" name="playersummarydlg-food-pic"/>
		<gadget type="gadget" size1024="723 166 755 182" background="ui\ingame\resource_wood" name="playersummarydlg-wood-pic"/>
		<gadget type="gadget" size1024="798 166 830 181" background="ui\ingame\resource_gold" name="playersummarydlg-gold-pic"/>
		<gadget type="formatText" textmarkup="" name="playersummarydlg-availFood" size1024="627 171 691 187" textcenterhoriz="" textcolor="255 255 255" textfont="InGameLabels" textfontsize="18">0</gadget>
		<gadget type="formatText" textmarkup="" name="playersummarydlg-availWood" size1024="705 170 769 186" textcenterhoriz="" textcolor="255 255 255" textfont="InGameLabels" textfontsize="18">0</gadget>
		<gadget type="formatText" textmarkup="" name="playersummarydlg-availGold" size1024="782 170 846 186" textcenterhoriz="" textcolor="255 255 255" textfont="InGameLabels" textfontsize="18">0</gadget>
		<gadget name="playersummarydlg-Divider1" type="gadget" tilebackgroundvert="" background="ui\core_ui\divider" size1024="620 162 624 187" z="22"/>
		<gadget name="playersummarydlg-Divider2" type="gadget" tilebackgroundvert="" background="ui\core_ui\divider" size1024="694 162 699 187" z="22"/>
		<gadget name="playersummarydlg-Divider3" type="gadget" tilebackgroundvert="" background="ui\core_ui\divider" size1024="772 162 776 187" z="22"/>
		<gadget name="playersummarydlg-TributeRow" type="gadget" size1024="181 182 853 207">
			<gadget name="playersummarydlg-TributeLabel" type="textBox" textjustifyright="" textcolor="255 198 2" textfont="InGameLabels" textfontsize="18" size1024="422 182 617 207" z="19">$$42099$$Total Tribute:</gadget>
			<gadget name="playersummarydlg-TributeFood" type="formatText" textcenterhoriz="" textcolor="255 255 255" textfont="InGameLabels" textfontsize="18" size1024="627 181 691 206" z="19"/>
			<gadget name="playersummarydlg-TributeWood" type="formatText" textcenterhoriz="" textcolor="255 255 255" textfont="InGameLabels" textfontsize="18" size1024="705 183 769 208" z="19"/>
			<gadget name="playersummarydlg-TributeGold" type="formatText" textcenterhoriz="" textcolor="255 255 255" textfont="InGameLabels" textfontsize="18" size1024="782 181 846 206" z="19"/>
		</gadget>
		<gadget name="playersummarydlg-playerStart" type="gadget" size1024="180 162 181 163"/>
		<gadget name="playersummarydlg-Team1Row" type="gadget" size1024="181 182 853 207">
			<gadget name="playersummarydlg-Team1Name" type="textBox" textcentervert="" textfont="InGameLabels" textfontsize="18" size1024="193 182 487 207" textcolor="255 255 255" z="19"/>
		</gadget>
		<gadget name="playersummarydlg-Team2Row" type="gadget" size1024="181 182 853 207">
			<gadget name="playersummarydlg-Team2Name" type="textBox" textcentervert="" textfont="InGameLabels" textfontsize="18" size1024="193 182 487 207" textcolor="255 255 255" z="19"/>
		</gadget>
		<gadget name="playersummarydlg-Team3Row" type="gadget" size1024="181 182 853 207">
			<gadget name="playersummarydlg-Team3Name" type="textBox" textcentervert="" textfont="InGameLabels" textfontsize="18" size1024="193 182 487 207" textcolor="255 255 255" z="19"/>
		</gadget>
		<gadget name="playersummarydlg-Team4Row" type="gadget" size1024="181 182 853 207">
			<gadget name="playersummarydlg-Team4Name" type="textBox" textcentervert="" textfont="InGameLabels" textfontsize="18" size1024="193 182 487 207" textcolor="255 255 255" z="19"/>
		</gadget>
		<gadget name="playersummarydlg-Team5Row" type="gadget" size1024="181 182 853 207">
			<gadget name="playersummarydlg-Team5Name" type="textBox" textcentervert="" textfont="InGameLabels" textfontsize="18" size1024="193 182 487 207" textcolor="255 255 255" z="19"/>
		</gadget>
		<gadget name="playersummarydlg-Team6Row" type="gadget" size1024="181 182 853 207">
			<gadget name="playersummarydlg-Team6Name" type="textBox" textcentervert="" textfont="InGameLabels" textfontsize="18" size1024="193 182 487 207" textcolor="255 255 255" z="19"/>
		</gadget>
		<gadget name="playersummarydlg-Team7Row" type="gadget" size1024="181 182 853 207">
			<gadget name="playersummarydlg-Team7Name" type="textBox" textcentervert="" textfont="InGameLabels" textfontsize="18" size1024="193 182 487 207" textcolor="255 255 255" z="19"/>
		</gadget>
		<gadget name="playersummarydlg-Team8Row" type="gadget" size1024="181 182 853 207">
			<gadget name="playersummarydlg-Team8Name" type="textBox" textcentervert="" textfont="InGameLabels" textfontsize="18" size1024="193 182 487 207" textcolor="255 255 255" z="19"/>
		</gadget>
		<gadget name="playersummarydlg-Player1Row" size1024="181 151 853 187" type="gadget">
			<gadget name="playersummarydlg-Player1Boundary" size1024="181 151 853 187" type="gadget" backgroundcolor="0 0 0" backgroundalpha="0.1">
				<gadget name="playersummarydlg-Player1Name" textmarkup="" type="formatText" textfont="InGameLabels" textfontsize="18" size1024="277 155 524 181" z="20"/>
				<gadget name="playersummarydlg-Player1ViewHC" type="stateButton" size1024="222 152 275 185" z="21"/>
				<gadget name="playersummarydlg-Player1HCLevel" type="formatText" transparent="" textfont="PregameEntry" textfontsize="15" size1024="240 163 275 185" textcolor="255 255 255" backgroundcolor="0 0 0" backgroundalpha="0.25" textcenterhoriz="" textcentervert="" z="22"/>
				<gadget name="playersummarydlg-tributePlayer1Food" type="stateButton" size1024="627 153 691 185" bevelbutton="" z="51" statebuttonuseinternalstates="" textfont="IngameButtons" textfontsize="18" textcolor="255 255 255" textcenterhoriz="" textcentervert="" texturecoords="0 0 1 1">
					$$29332$$+100
					<stateentry background="ui\core_ui\button_128x32_normal"/>
					<stateentry background="ui\core_ui\button_128X32_clicked"/>
					<stateentry background="ui\core_ui\button_128X32_rollover"/>
					<stateentry background=""/>
				</gadget>
				<gadget name="playersummarydlg-tributePlayer1Wood" type="stateButton" size1024="705 153 769 185" bevelbutton="" z="51" statebuttonuseinternalstates="" textfont="IngameButtons" textfontsize="18" textcolor="255 255 255" textcenterhoriz="" textcentervert="" texturecoords="0 0 1 1">
					$$29332$$+100
					<stateentry background="ui\core_ui\button_128x32_normal"/>
					<stateentry background="ui\core_ui\button_128X32_clicked"/>
					<stateentry background="ui\core_ui\button_128X32_rollover"/>
					<stateentry background=""/>
				</gadget>
				<gadget name="playersummarydlg-tributePlayer1Gold" type="stateButton" size1024="782 153 846 185" bevelbutton="" z="51" statebuttonuseinternalstates="" textfont="IngameButtons" textfontsize="18" textcolor="255 255 255" textcenterhoriz="" textcentervert="" texturecoords="0 0 1 1">
					$$29332$$+100
					<stateentry background="ui\core_ui\button_128x32_normal"/>
					<stateentry background="ui\core_ui\button_128X32_clicked"/>
					<stateentry background="ui\core_ui\button_128X32_rollover"/>
					<stateentry background=""/>
				</gadget>
			</gadget>
		</gadget>
		<gadget name="playersummarydlg-Player2Row" size1024="181 151 853 187" type="gadget">
			<gadget name="playersummarydlg-Player2Boundary" size1024="181 151 853 187" type="gadget" backgroundcolor="0 0 0" backgroundalpha="0.1">
				<gadget name="playersummarydlg-Player2Name" textmarkup="" type="formatText" textfont="InGameLabels" textfontsize="18" size1024="277 155 524 181" z="20"/>
				<gadget name="playersummarydlg-Player2ViewHC" type="stateButton" size1024="222 152 275 185" z="21"/>
				<gadget name="playersummarydlg-Player2HCLevel" type="formatText" transparent="" textfont="PregameEntry" textfontsize="15" size1024="240 163 275 185" textcolor="255 255 255" backgroundcolor="0 0 0" backgroundalpha="0.25" textcenterhoriz="" textcentervert="" z="22"/>
				<gadget name="playersummarydlg-tributePlayer2Food" type="stateButton" size1024="627 153 691 185" bevelbutton="" z="51" statebuttonuseinternalstates="" textfont="IngameButtons" textfontsize="18" textcolor="255 255 255" textcenterhoriz="" textcentervert="" texturecoords="0 0 1 1">
					$$29332$$+100
					<stateentry background="ui\core_ui\button_128x32_normal"/>
					<stateentry background="ui\core_ui\button_128X32_clicked"/>
					<stateentry background="ui\core_ui\button_128X32_rollover"/>
					<stateentry background=""/>
				</gadget>
				<gadget name="playersummarydlg-tributePlayer2Wood" type="stateButton" size1024="705 153 769 185" bevelbutton="" z="51" statebuttonuseinternalstates="" textfont="IngameButtons" textfontsize="18" textcolor="255 255 255" textcenterhoriz="" textcentervert="" texturecoords="0 0 1 1">
					$$29332$$+100
					<stateentry background="ui\core_ui\button_128x32_normal"/>
					<stateentry background="ui\core_ui\button_128X32_clicked"/>
					<stateentry background="ui\core_ui\button_128X32_rollover"/>
					<stateentry background=""/>
				</gadget>
				<gadget name="playersummarydlg-tributePlayer2Gold" type="stateButton" size1024="782 153 846 185" bevelbutton="" z="51" statebuttonuseinternalstates="" textfont="IngameButtons" textfontsize="18" textcolor="255 255 255" textcenterhoriz="" textcentervert="" texturecoords="0 0 1 1">
					$$29332$$+100
					<stateentry background="ui\core_ui\button_128x32_normal"/>
					<stateentry background="ui\core_ui\button_128X32_clicked"/>
					<stateentry background="ui\core_ui\button_128X32_rollover"/>
					<stateentry background=""/>
				</gadget>
			</gadget>
		</gadget>
		<gadget name="playersummarydlg-Player3Row" size1024="181 151 853 187" type="gadget">
			<gadget name="playersummarydlg-Player3Boundary" size1024="181 151 853 187" type="gadget" backgroundcolor="0 0 0" backgroundalpha="0.1">
				<gadget name="playersummarydlg-Player3Name" textmarkup="" type="formatText" textfont="InGameLabels" textfontsize="18" size1024="277 155 524 181" z="20"/>
				<gadget name="playersummarydlg-Player3ViewHC" type="stateButton" size1024="222 152 275 185" z="21"/>
				<gadget name="playersummarydlg-Player3HCLevel" type="formatText" transparent="" textfont="PregameEntry" textfontsize="15" size1024="240 163 275 185" textcolor="255 255 255" backgroundcolor="0 0 0" backgroundalpha="0.25" textcenterhoriz="" textcentervert="" z="22"/>
				<gadget name="playersummarydlg-tributePlayer3Food" type="stateButton" size1024="627 153 691 185" bevelbutton="" z="51" statebuttonuseinternalstates="" textfont="IngameButtons" textfontsize="18" textcolor="255 255 255" textcenterhoriz="" textcentervert="" texturecoords="0 0 1 1">
					$$29332$$+100
					<stateentry background="ui\core_ui\button_128x32_normal"/>
					<stateentry background="ui\core_ui\button_128X32_clicked"/>
					<stateentry background="ui\core_ui\button_128X32_rollover"/>
					<stateentry background=""/>
				</gadget>
				<gadget name="playersummarydlg-tributePlayer3Wood" type="stateButton" size1024="705 153 769 185" bevelbutton="" z="51" statebuttonuseinternalstates="" textfont="IngameButtons" textfontsize="18" textcolor="255 255 255" textcenterhoriz="" textcentervert="" texturecoords="0 0 1 1">
					$$29332$$+100
					<stateentry background="ui\core_ui\button_128x32_normal"/>
					<stateentry background="ui\core_ui\button_128X32_clicked"/>
					<stateentry background="ui\core_ui\button_128X32_rollover"/>
					<stateentry background=""/>
				</gadget>
				<gadget name="playersummarydlg-tributePlayer3Gold" type="stateButton" size1024="782 153 846 185" bevelbutton="" z="51" statebuttonuseinternalstates="" textfont="IngameButtons" textfontsize="18" textcolor="255 255 255" textcenterhoriz="" textcentervert="" texturecoords="0 0 1 1">
					$$29332$$+100
					<stateentry background="ui\core_ui\button_128x32_normal"/>
					<stateentry background="ui\core_ui\button_128X32_clicked"/>
					<stateentry background="ui\core_ui\button_128X32_rollover"/>
					<stateentry background=""/>
				</gadget>
			</gadget>
		</gadget>
		<gadget name="playersummarydlg-Player4Row" size1024="181 151 853 187" type="gadget">
			<gadget name="playersummarydlg-Player4Boundary" size1024="181 151 853 187" type="gadget" backgroundcolor="0 0 0" backgroundalpha="0.1">
				<gadget name="playersummarydlg-Player4Name" textmarkup="" type="formatText" textfont="InGameLabels" textfontsize="18" size1024="277 155 524 181" z="20"/>
				<gadget name="playersummarydlg-Player4ViewHC" type="stateButton" size1024="222 152 275 185" z="21"/>
				<gadget name="playersummarydlg-Player4HCLevel" type="formatText" transparent="" textfont="PregameEntry" textfontsize="15" size1024="240 163 275 185" textcolor="255 255 255" backgroundcolor="0 0 0" backgroundalpha="0.25" textcenterhoriz="" textcentervert="" z="22"/>
				<gadget name="playersummarydlg-tributePlayer4Food" type="stateButton" size1024="627 153 691 185" bevelbutton="" z="51" statebuttonuseinternalstates="" textfont="IngameButtons" textfontsize="18" textcolor="255 255 255" textcenterhoriz="" textcentervert="" texturecoords="0 0 1 1">
					$$29332$$+100
					<stateentry background="ui\core_ui\button_128x32_normal"/>
					<stateentry background="ui\core_ui\button_128X32_clicked"/>
					<stateentry background="ui\core_ui\button_128X32_rollover"/>
					<stateentry background=""/>
				</gadget>
				<gadget name="playersummarydlg-tributePlayer4Wood" type="stateButton" size1024="705 153 769 185" bevelbutton="" z="51" statebuttonuseinternalstates="" textfont="IngameButtons" textfontsize="18" textcolor="255 255 255" textcenterhoriz="" textcentervert="" texturecoords="0 0 1 1">
					$$29332$$+100
					<stateentry background="ui\core_ui\button_128x32_normal"/>
					<stateentry background="ui\core_ui\button_128X32_clicked"/>
					<stateentry background="ui\core_ui\button_128X32_rollover"/>
					<stateentry background=""/>
				</gadget>
				<gadget name="playersummarydlg-tributePlayer4Gold" type="stateButton" size1024="782 153 846 185" bevelbutton="" z="51" statebuttonuseinternalstates="" textfont="IngameButtons" textfontsize="18" textcolor="255 255 255" textcenterhoriz="" textcentervert="" texturecoords="0 0 1 1">
					$$29332$$+100
					<stateentry background="ui\core_ui\button_128x32_normal"/>
					<stateentry background="ui\core_ui\button_128X32_clicked"/>
					<stateentry background="ui\core_ui\button_128X32_rollover"/>
					<stateentry background=""/>
				</gadget>
			</gadget>
		</gadget>
		<gadget name="playersummarydlg-Player5Row" size1024="181 151 853 187" type="gadget">
			<gadget name="playersummarydlg-Player5Boundary" size1024="181 151 853 187" type="gadget" backgroundcolor="0 0 0" backgroundalpha="0.1">
				<gadget name="playersummarydlg-Player5Name" textmarkup="" type="formatText" textfont="InGameLabels" textfontsize="18" size1024="277 155 524 181" z="20"/>
				<gadget name="playersummarydlg-Player5ViewHC" type="stateButton" size1024="222 152 275 185" z="21"/>
				<gadget name="playersummarydlg-Player5HCLevel" type="formatText" transparent="" textfont="PregameEntry" textfontsize="15" size1024="240 163 275 185" textcolor="255 255 255" backgroundcolor="0 0 0" backgroundalpha="0.25" textcenterhoriz="" textcentervert="" z="22"/>
				<gadget name="playersummarydlg-tributePlayer5Food" type="stateButton" size1024="627 153 691 185" bevelbutton="" z="51" statebuttonuseinternalstates="" textfont="IngameButtons" textfontsize="18" textcolor="255 255 255" textcenterhoriz="" textcentervert="" texturecoords="0 0 1 1">
					$$29332$$+100
					<stateentry background="ui\core_ui\button_128x32_normal"/>
					<stateentry background="ui\core_ui\button_128X32_clicked"/>
					<stateentry background="ui\core_ui\button_128X32_rollover"/>
					<stateentry background=""/>
				</gadget>
				<gadget name="playersummarydlg-tributePlayer5Wood" type="stateButton" size1024="705 153 769 185" bevelbutton="" z="51" statebuttonuseinternalstates="" textfont="IngameButtons" textfontsize="18" textcolor="255 255 255" textcenterhoriz="" textcentervert="" texturecoords="0 0 1 1">
					$$29332$$+100
					<stateentry background="ui\core_ui\button_128x32_normal"/>
					<stateentry background="ui\core_ui\button_128X32_clicked"/>
					<stateentry background="ui\core_ui\button_128X32_rollover"/>
					<stateentry background=""/>
				</gadget>
				<gadget name="playersummarydlg-tributePlayer5Gold" type="stateButton" size1024="782 153 846 185" bevelbutton="" z="51" statebuttonuseinternalstates="" textfont="IngameButtons" textfontsize="18" textcolor="255 255 255" textcenterhoriz="" textcentervert="" texturecoords="0 0 1 1">
					$$29332$$+100
					<stateentry background="ui\core_ui\button_128x32_normal"/>
					<stateentry background="ui\core_ui\button_128X32_clicked"/>
					<stateentry background="ui\core_ui\button_128X32_rollover"/>
					<stateentry background=""/>
				</gadget>
			</gadget>
		</gadget>
		<gadget name="playersummarydlg-Player6Row" size1024="181 151 853 187" type="gadget">
			<gadget name="playersummarydlg-Player6Boundary" size1024="181 151 853 187" type="gadget" backgroundcolor="0 0 0" backgroundalpha="0.1">
				<gadget name="playersummarydlg-Player6Name" textmarkup="" type="formatText" textfont="InGameLabels" textfontsize="18" size1024="277 155 524 181" z="20"/>
				<gadget name="playersummarydlg-Player6ViewHC" type="stateButton" size1024="222 152 275 185" z="21"/>
				<gadget name="playersummarydlg-Player6HCLevel" type="formatText" transparent="" textfont="PregameEntry" textfontsize="15" size1024="240 163 275 185" textcolor="255 255 255" backgroundcolor="0 0 0" backgroundalpha="0.25" textcenterhoriz="" textcentervert="" z="22"/>
				<gadget name="playersummarydlg-tributePlayer6Food" type="stateButton" size1024="627 153 691 185" bevelbutton="" z="51" statebuttonuseinternalstates="" textfont="IngameButtons" textfontsize="18" textcolor="255 255 255" textcenterhoriz="" textcentervert="" texturecoords="0 0 1 1">
					$$29332$$+100
					<stateentry background="ui\core_ui\button_128x32_normal"/>
					<stateentry background="ui\core_ui\button_128X32_clicked"/>
					<stateentry background="ui\core_ui\button_128X32_rollover"/>
					<stateentry background=""/>
				</gadget>
				<gadget name="playersummarydlg-tributePlayer6Wood" type="stateButton" size1024="705 153 769 185" bevelbutton="" z="51" statebuttonuseinternalstates="" textfont="IngameButtons" textfontsize="18" textcolor="255 255 255" textcenterhoriz="" textcentervert="" texturecoords="0 0 1 1">
					$$29332$$+100
					<stateentry background="ui\core_ui\button_128x32_normal"/>
					<stateentry background="ui\core_ui\button_128X32_clicked"/>
					<stateentry background="ui\core_ui\button_128X32_rollover"/>
					<stateentry background=""/>
				</gadget>
				<gadget name="playersummarydlg-tributePlayer6Gold" type="stateButton" size1024="782 153 846 185" bevelbutton="" z="51" statebuttonuseinternalstates="" textfont="IngameButtons" textfontsize="18" textcolor="255 255 255" textcenterhoriz="" textcentervert="" texturecoords="0 0 1 1">
					$$29332$$+100
					<stateentry background="ui\core_ui\button_128x32_normal"/>
					<stateentry background="ui\core_ui\button_128X32_clicked"/>
					<stateentry background="ui\core_ui\button_128X32_rollover"/>
					<stateentry background=""/>
				</gadget>
			</gadget>
		</gadget>
		<gadget name="playersummarydlg-Player7Row" size1024="181 151 853 187" type="gadget">
			<gadget name="playersummarydlg-Player7Boundary" size1024="181 151 853 187" type="gadget" backgroundcolor="0 0 0" backgroundalpha="0.1">
				<gadget name="playersummarydlg-Player7Name" textmarkup="" type="formatText" textfont="InGameLabels" textfontsize="18" size1024="277 155 524 181" z="20"/>
				<gadget name="playersummarydlg-Player7ViewHC" type="stateButton" size1024="222 152 275 185" z="21"/>
				<gadget name="playersummarydlg-Player7HCLevel" type="formatText" transparent="" textfont="PregameEntry" textfontsize="15" size1024="240 163 275 185" textcolor="255 255 255" backgroundcolor="0 0 0" backgroundalpha="0.25" textcenterhoriz="" textcentervert="" z="22"/>
				<gadget name="playersummarydlg-tributePlayer7Food" type="stateButton" size1024="627 153 691 185" bevelbutton="" z="51" statebuttonuseinternalstates="" textfont="IngameButtons" textfontsize="18" textcolor="255 255 255" textcenterhoriz="" textcentervert="" texturecoords="0 0 1 1">
					$$29332$$+100
					<stateentry background="ui\core_ui\button_128x32_normal"/>
					<stateentry background="ui\core_ui\button_128X32_clicked"/>
					<stateentry background="ui\core_ui\button_128X32_rollover"/>
					<stateentry background=""/>
				</gadget>
				<gadget name="playersummarydlg-tributePlayer7Wood" type="stateButton" size1024="705 153 769 185" bevelbutton="" z="51" statebuttonuseinternalstates="" textfont="IngameButtons" textfontsize="18" textcolor="255 255 255" textcenterhoriz="" textcentervert="" texturecoords="0 0 1 1">
					$$29332$$+100
					<stateentry background="ui\core_ui\button_128x32_normal"/>
					<stateentry background="ui\core_ui\button_128X32_clicked"/>
					<stateentry background="ui\core_ui\button_128X32_rollover"/>
					<stateentry background=""/>
				</gadget>
				<gadget name="playersummarydlg-tributePlayer7Gold" type="stateButton" size1024="782 153 846 185" bevelbutton="" z="51" statebuttonuseinternalstates="" textfont="IngameButtons" textfontsize="18" textcolor="255 255 255" textcenterhoriz="" textcentervert="" texturecoords="0 0 1 1">
					$$29332$$+100
					<stateentry background="ui\core_ui\button_128x32_normal"/>
					<stateentry background="ui\core_ui\button_128X32_clicked"/>
					<stateentry background="ui\core_ui\button_128X32_rollover"/>
					<stateentry background=""/>
				</gadget>
			</gadget>
		</gadget>
		<gadget name="playersummarydlg-Player8Row" size1024="181 151 853 187" type="gadget">
			<gadget name="playersummarydlg-Player8Boundary" size1024="181 151 853 187" type="gadget" backgroundcolor="0 0 0" backgroundalpha="0.1">
				<gadget name="playersummarydlg-Player8Name" textmarkup="" type="formatText" textfont="InGameLabels" textfontsize="18" size1024="277 155 524 181" z="20"/>
				<gadget name="playersummarydlg-Player8ViewHC" type="stateButton" size1024="222 152 275 185" z="21"/>
				<gadget name="playersummarydlg-Player8HCLevel" type="formatText" transparent="" textfont="PregameEntry" textfontsize="15" size1024="240 163 275 185" textcolor="255 255 255" backgroundcolor="0 0 0" backgroundalpha="0.25" textcenterhoriz="" textcentervert="" z="22"/>
				<gadget name="playersummarydlg-tributePlayer8Food" type="stateButton" size1024="627 153 691 185" bevelbutton="" z="51" statebuttonuseinternalstates="" textfont="IngameButtons" textfontsize="18" textcolor="255 255 255" textcenterhoriz="" textcentervert="" texturecoords="0 0 1 1">
					$$29332$$+100
					<stateentry background="ui\core_ui\button_128x32_normal"/>
					<stateentry background="ui\core_ui\button_128X32_clicked"/>
					<stateentry background="ui\core_ui\button_128X32_rollover"/>
					<stateentry background=""/>
				</gadget>
				<gadget name="playersummarydlg-tributePlayer8Wood" type="stateButton" size1024="705 153 769 185" bevelbutton="" z="51" statebuttonuseinternalstates="" textfont="IngameButtons" textfontsize="18" textcolor="255 255 255" textcenterhoriz="" textcentervert="" texturecoords="0 0 1 1">
					$$29332$$+100
					<stateentry background="ui\core_ui\button_128x32_normal"/>
					<stateentry background="ui\core_ui\button_128X32_clicked"/>
					<stateentry background="ui\core_ui\button_128X32_rollover"/>
					<stateentry background=""/>
				</gadget>
				<gadget name="playersummarydlg-tributePlayer8Gold" type="stateButton" size1024="782 153 846 185" bevelbutton="" z="51" statebuttonuseinternalstates="" textfont="IngameButtons" textfontsize="18" textcolor="255 255 255" textcenterhoriz="" textcentervert="" texturecoords="0 0 1 1">
					$$29332$$+100
					<stateentry background="ui\core_ui\button_128x32_normal"/>
					<stateentry background="ui\core_ui\button_128X32_clicked"/>
					<stateentry background="ui\core_ui\button_128X32_rollover"/>
					<stateentry background=""/>
				</gadget>
			</gadget>
		</gadget>
		<gadget name="playersummarydlg-closeButton" type="stateButton" mouseovertext="$$41948$$" size1024="618 568 746 600" bevelbutton="" z="51" statebuttonuseinternalstates="" textfont="IngameButtons" textfontsize="18" textcolor="255 255 255" textcenterhoriz="" textcentervert="" texturecoords="0 0 1 1">
			$$18457$$Close
			<stateentry background="ui\core_ui\button_med_normal"/>
			<stateentry background="ui\core_ui\button_med_clicked"/>
			<stateentry background="ui\core_ui\button_med_high"/>
			<stateentry background="ui\core_ui\button_med_disable"/>
		</gadget>
		<gadget name="playersummarydlg-clearButton" type="stateButton" mouseovertext="$$41947$$" size1024="457 568 585 600" bevelbutton="" z="51" statebuttonuseinternalstates="" textfont="IngameButtons" textfontsize="18" textcolor="255 255 255" textcenterhoriz="" textcentervert="" texturecoords="0 0 1 1">
			$$19009$$Clear
			<stateentry background="ui\core_ui\button_med_normal"/>
			<stateentry background="ui\core_ui\button_med_clicked"/>
			<stateentry background="ui\core_ui\button_med_high"/>
			<stateentry background="ui\core_ui\button_med_disable"/>
		</gadget>
		<gadget name="playersummarydlg-sendButton" type="stateButton" mouseovertext="$$41946$$" size1024="290 568 418 600" bevelbutton="" z="51" statebuttonuseinternalstates="" textfont="IngameButtons" textfontsize="18" textcolor="255 255 255" textcenterhoriz="" textcentervert="" texturecoords="0 0 1 1">
			$$19008$$Send
			<stateentry background="ui\core_ui\button_med_normal"/>
			<stateentry background="ui\core_ui\button_med_clicked"/>
			<stateentry background="ui\core_ui\button_med_high"/>
			<stateentry background="ui\core_ui\button_med_disable"/>
		</gadget>
	</gadget>
</layout>