<!-- converted from XMB to XML -->

<animfile>
	<component>
		ModelComp
		<logic type="Variation">
			<cow_light>
				<logic type="Inventory">
					<p0>
						<assetreference type="GrannyModel">
							<file>units\animals\water_buffalo\water_buffalo_light_skinny</file>
						</assetreference>
					</p0>
					<p50>
						<assetreference type="GrannyModel">
							<file>units\animals\water_buffalo\water_buffalo_light_skinny</file>
						</assetreference>
					</p50>
					<p100>
						<assetreference type="GrannyModel">
							<file>units\animals\water_buffalo\water_buffalo_light</file>
						</assetreference>
					</p100>
				</logic>
			</cow_light>
			<cow_brown>
				<logic type="Inventory">
					<p0>
						<assetreference type="GrannyModel">
							<file>units\animals\water_buffalo\water_buffalo_brown_skinny</file>
						</assetreference>
					</p0>
					<p50>
						<assetreference type="GrannyModel">
							<file>units\animals\water_buffalo\water_buffalo_brown_skinny</file>
						</assetreference>
					</p50>
					<p100>
						<assetreference type="GrannyModel">
							<file>units\animals\water_buffalo\water_buffalo_brown</file>
						</assetreference>
					</p100>
				</logic>
			</cow_brown>
			<cow_dark>
				<logic type="Inventory">
					<p0>
						<assetreference type="GrannyModel">
							<file>units\animals\water_buffalo\water_buffalo_skinny</file>
						</assetreference>
					</p0>
					<p50>
						<assetreference type="GrannyModel">
							<file>units\animals\water_buffalo\water_buffalo_skinny</file>
						</assetreference>
					</p50>
					<p100>
						<assetreference type="GrannyModel">
							<file>units\animals\water_buffalo\water_buffalo</file>
						</assetreference>
					</p100>
				</logic>
			</cow_dark>
		</logic>
		<decal>
			<effecttype>default</effecttype>
			<texture isfakeshadow="1">shadows_selections\shadow_circle_64x64</texture>
			<selectedtexture>shadows_selections\selection_oval_32x64</selectedtexture>
			<width>1.50</width>
			<height>2.50</height>
			<zoffset>-0.40</zoffset>
		</decal>
	</component>
	<anim>
		Idle
		<assetreference type="GrannyAnim">
			<file>animation_library\quads\cow_IdleA</file>
			<weight>30</weight>
		</assetreference>
		<assetreference type="GrannyAnim">
			<file>animation_library\quads\cow_IdleB</file>
			<weight>10</weight>
		</assetreference>
		<assetreference type="GrannyAnim">
			<file>animation_library\quads\cow_IdleC</file>
			<weight>10</weight>
		</assetreference>
		<assetreference type="GrannyAnim">
			<file>animation_library\quads\cow_IdleD</file>
			<weight>10</weight>
		</assetreference>
		<assetreference type="GrannyAnim">
			<file>animation_library\quads\cow_IdleE</file>
			<weight>20</weight>
		</assetreference>
		<assetreference type="GrannyAnim">
			<file>animation_library\quads\cow_IdleF</file>
			<weight>10</weight>
		</assetreference>
		<component>ModelComp</component>
	</anim>
	<anim>
		Walk
		<assetreference type="GrannyAnim">
			<file>animation_library\quads\cow_walk</file>
		</assetreference>
		<component>ModelComp</component>
	</anim>
	<anim>
		Death
		<assetreference type="GrannyAnim">
			<file>animation_library\quads\cow_death</file>
			<tag type="SpecificSoundSet" checkvisible="1" set="RagdollImpact">0.58</tag>
		</assetreference>
		<component>ModelComp</component>
	</anim>
	<anim>
		GatherFarm
		<assetreference type="GrannyAnim">
			<file>animation_library\quads\cow_grazeA</file>
			<weight>33</weight>
		</assetreference>
		<assetreference type="GrannyAnim">
			<file>animation_library\quads\cow_grazeB</file>
			<weight>33</weight>
		</assetreference>
		<assetreference type="GrannyAnim">
			<file>animation_library\quads\cow_grazeC</file>
			<weight>33</weight>
		</assetreference>
		<component>ModelComp</component>
	</anim>
	<anim>
		LayDown
		<assetreference type="GrannyAnim">
			<file>animation_library\quads\cow_IntoGraze</file>
		</assetreference>
		<component>ModelComp</component>
	</anim>
	<anim>
		LayDownIdle
		<assetreference type="GrannyAnim">
			<file>animation_library\quads\cow_grazeA</file>
			<weight>33</weight>
		</assetreference>
		<assetreference type="GrannyAnim">
			<file>animation_library\quads\cow_grazeB</file>
			<weight>33</weight>
		</assetreference>
		<assetreference type="GrannyAnim">
			<file>animation_library\quads\cow_grazeC</file>
			<weight>33</weight>
		</assetreference>
		<component>ModelComp</component>
	</anim>
	<anim>
		GetUp
		<assetreference type="GrannyAnim">
			<file>animation_library\quads\cow_OutofGraze</file>
		</assetreference>
		<component>ModelComp</component>
	</anim>
</animfile>